                  epoch,         train/box_loss,         train/cls_loss,         train/dfl_loss,   metrics/precision(B),      metrics/recall(B),       metrics/mAP50(B),    metrics/mAP50-95(B),           val/box_loss,           val/cls_loss,           val/dfl_loss,                 lr/pg0,                 lr/pg1,                 lr/pg2
                      1,                  1.449,                 2.0859,                 1.4404,                0.58766,                0.48963,                0.56879,                0.40765,                 1.1745,                  1.277,                 1.1751,               8.33e-06,               8.33e-06,               8.33e-06
                      2,                 1.4476,                  2.005,                 1.4482,                0.63023,                 0.4935,                0.58045,                0.41445,                 1.1746,                 1.2399,                 1.1713,             1.7497e-05,             1.7497e-05,             1.7497e-05
                      3,                 1.3922,                 1.9637,                 1.4133,                0.64701,                0.50949,                0.58795,                0.42059,                 1.1827,                 1.2205,                 1.1725,             2.6286e-05,             2.6286e-05,             2.6286e-05
                      4,                 1.5389,                 2.0996,                 1.4976,                0.65579,                0.51985,                0.60405,                0.42818,                 1.2074,                 1.2119,                 1.1813,             3.4699e-05,             3.4699e-05,             3.4699e-05
                      5,                 1.3996,                 1.8847,                 1.4048,                0.63529,                0.55154,                0.61655,                0.43547,                 1.2285,                 1.2117,                 1.1871,             4.2734e-05,             4.2734e-05,             4.2734e-05
                      6,                 1.4556,                 1.9301,                 1.4046,                0.62452,                0.56839,                0.63099,                0.43143,                 1.2328,                 1.2087,                 1.1879,             5.0393e-05,             5.0393e-05,             5.0393e-05
                      7,                 1.3591,                 1.7964,                 1.3647,                0.61865,                0.57583,                0.63835,                0.43928,                 1.2169,                 1.2022,                 1.1833,             5.7675e-05,             5.7675e-05,             5.7675e-05
                      8,                 1.3363,                 1.7645,                 1.3493,                0.64061,                0.61405,                0.65729,                0.45157,                 1.1973,                 1.1999,                 1.1778,             6.4579e-05,             6.4579e-05,             6.4579e-05
                      9,                 1.3595,                 1.7221,                 1.3434,                0.63634,                0.60936,                0.65962,                0.46272,                 1.1751,                 1.1922,                 1.1667,             7.1107e-05,             7.1107e-05,             7.1107e-05
                     10,                 1.3545,                  1.774,                 1.3829,                 0.6558,                0.60039,                 0.6585,                0.46563,                 1.1622,                 1.1824,                 1.1614,             7.7257e-05,             7.7257e-05,             7.7257e-05
                     11,                 1.3774,                 1.7017,                  1.332,                0.67629,                0.62118,                0.66925,                0.46783,                 1.1559,                 1.1582,                 1.1568,             8.3031e-05,             8.3031e-05,             8.3031e-05
                     12,                 1.3491,                 1.7061,                 1.3604,                0.69493,                0.59202,                0.67524,                0.47529,                 1.1573,                 1.1425,                 1.1556,             8.8428e-05,             8.8428e-05,             8.8428e-05
                     13,                 1.3724,                 1.7107,                 1.3695,                0.71567,                0.59881,                0.68096,                0.47824,                 1.1638,                 1.1296,                 1.1549,             9.0726e-05,             9.0726e-05,             9.0726e-05
                     14,                 1.3206,                 1.6616,                 1.3296,                0.71827,                0.61553,                0.68601,                0.48399,                 1.1719,                  1.112,                 1.1552,             9.0726e-05,             9.0726e-05,             9.0726e-05
                     15,                  1.258,                 1.5622,                 1.2936,                0.71401,                0.62048,                0.69122,                 0.4903,                 1.1685,                 1.0932,                 1.1519,             8.8369e-05,             8.8369e-05,             8.8369e-05
                     16,                 1.3436,                 1.5751,                 1.2937,                 0.6939,                 0.6257,                0.69819,                0.50029,                 1.1608,                 1.0747,                 1.1483,             8.6013e-05,             8.6013e-05,             8.6013e-05
                     17,                 1.2958,                 1.5276,                 1.3043,                0.68205,                0.64312,                 0.7073,                0.50491,                 1.1525,                 1.0609,                 1.1467,             8.3657e-05,             8.3657e-05,             8.3657e-05
                     18,                 1.3083,                 1.5793,                 1.3202,                0.66881,                0.65533,                0.70848,                0.50948,                 1.1498,                 1.0445,                 1.1482,             8.1301e-05,             8.1301e-05,             8.1301e-05
                     19,                 1.2254,                 1.4692,                 1.2458,                0.68869,                0.64818,                0.71345,                 0.5129,                 1.1429,                   1.03,                 1.1454,             7.8945e-05,             7.8945e-05,             7.8945e-05
                     20,                 1.2662,                 1.5126,                 1.3137,                0.69124,                0.66431,                0.71637,                0.51228,                  1.135,                 1.0203,                 1.1426,             7.6588e-05,             7.6588e-05,             7.6588e-05
                     21,                 1.2342,                 1.4728,                 1.2704,                0.70639,                0.66783,                0.72138,                0.51904,                 1.1256,                 1.0109,                 1.1403,             7.4232e-05,             7.4232e-05,             7.4232e-05
                     22,                 1.2839,                 1.4366,                 1.2979,                0.71856,                0.66383,                0.72089,                0.52082,                 1.1214,                 1.0059,                 1.1393,             7.1876e-05,             7.1876e-05,             7.1876e-05
                     23,                 1.2707,                 1.4128,                 1.2657,                0.70278,                0.67625,                0.72285,                0.52439,                 1.1167,                0.99958,                 1.1369,              6.952e-05,              6.952e-05,              6.952e-05
                     24,                 1.2678,                 1.4252,                 1.3098,                0.72403,                0.67528,                0.72782,                0.52747,                  1.108,                0.99223,                 1.1323,             6.7164e-05,             6.7164e-05,             6.7164e-05
                     25,                 1.2632,                 1.3939,                  1.285,                0.73457,                0.67544,                0.72711,                0.52933,                 1.1046,                0.98752,                 1.1303,             6.4807e-05,             6.4807e-05,             6.4807e-05
                     26,                 1.2349,                 1.4171,                 1.2826,                0.73021,                0.67693,                0.73111,                0.52959,                 1.1015,                0.98043,                 1.1272,             6.2451e-05,             6.2451e-05,             6.2451e-05
                     27,                 1.2464,                 1.4561,                 1.2915,                0.74302,                 0.6805,                0.73502,                0.53081,                 1.1049,                0.97594,                 1.1272,             6.0095e-05,             6.0095e-05,             6.0095e-05
                     28,                 1.2917,                 1.4824,                 1.3283,                0.75184,                0.65664,                0.73275,                0.53088,                    1.1,                0.96809,                 1.1231,             5.7739e-05,             5.7739e-05,             5.7739e-05
                     29,                 1.2516,                 1.3373,                 1.2753,                0.76212,                0.66054,                0.73543,                0.53449,                 1.0965,                0.95966,                 1.1208,             5.5383e-05,             5.5383e-05,             5.5383e-05
                     30,                 1.2646,                  1.346,                 1.2824,                0.75907,                0.65717,                0.73682,                0.53811,                 1.0902,                0.95258,                 1.1173,             5.3026e-05,             5.3026e-05,             5.3026e-05
                     31,                 1.2465,                 1.2739,                 1.2636,                0.76428,                0.65727,                0.74103,                0.54151,                 1.0857,                0.94823,                 1.1154,              5.067e-05,              5.067e-05,              5.067e-05
                     32,                 1.2336,                 1.4062,                 1.2836,                0.76726,                0.66245,                0.74401,                0.54648,                 1.0817,                0.94666,                 1.1138,             4.8314e-05,             4.8314e-05,             4.8314e-05
                     33,                 1.2633,                 1.3745,                 1.2724,                0.79146,                0.66419,                0.74611,                0.54954,                 1.0807,                0.94378,                 1.1127,             4.5958e-05,             4.5958e-05,             4.5958e-05
                     34,                 1.2601,                 1.3602,                 1.2725,                0.79497,                0.66491,                0.74797,                0.54963,                 1.0802,                0.93789,                  1.112,             4.3602e-05,             4.3602e-05,             4.3602e-05
                     35,                 1.2096,                 1.3839,                 1.2575,                0.80096,                0.65962,                0.75047,                0.55192,                 1.0751,                0.93077,                 1.1103,             4.1245e-05,             4.1245e-05,             4.1245e-05
                     36,                 1.1754,                 1.2981,                 1.2372,                0.80238,                0.66525,                0.75427,                0.55565,                 1.0692,                0.92625,                 1.1083,             3.8889e-05,             3.8889e-05,             3.8889e-05
                     37,                 1.1737,                 1.2917,                 1.2408,                 0.7971,                0.67146,                0.75494,                0.55838,                 1.0613,                0.92177,                 1.1055,             3.6533e-05,             3.6533e-05,             3.6533e-05
                     38,                 1.1895,                 1.2771,                 1.2479,                0.79819,                0.67911,                0.75673,                0.55924,                  1.056,                0.92072,                 1.1027,             3.4177e-05,             3.4177e-05,             3.4177e-05
                     39,                 1.1977,                 1.2849,                 1.2679,                0.79465,                0.68096,                0.75813,                0.55895,                 1.0546,                0.91992,                 1.1015,             3.1821e-05,             3.1821e-05,             3.1821e-05
                     40,                 1.2396,                 1.3384,                  1.267,                0.82416,                0.67637,                0.76415,                0.56379,                  1.054,                0.91714,                 1.1003,             2.9464e-05,             2.9464e-05,             2.9464e-05
                     41,                  1.305,                 1.5087,                 1.3186,                0.76962,                0.68151,                0.76129,                 0.5647,                 1.0492,                0.92028,                 1.0959,             2.7108e-05,             2.7108e-05,             2.7108e-05
                     42,                 1.2494,                 1.4122,                 1.2441,                0.74651,                0.69882,                0.75625,                  0.561,                 1.0537,                0.92442,                  1.096,             2.4752e-05,             2.4752e-05,             2.4752e-05
                     43,                 1.2924,                 1.3849,                  1.295,                0.71061,                0.70664,                0.75635,                0.55735,                 1.0601,                0.92731,                 1.0981,             2.2396e-05,             2.2396e-05,             2.2396e-05
                     44,                 1.2487,                 1.3466,                 1.2643,                0.71894,                0.70507,                0.75493,                0.55576,                 1.0681,                0.92836,                 1.1019,              2.004e-05,              2.004e-05,              2.004e-05
                     45,                 1.2365,                 1.3828,                 1.2348,                0.71635,                0.68815,                0.75344,                0.55341,                 1.0764,                0.93155,                 1.1058,             1.7683e-05,             1.7683e-05,             1.7683e-05
                     46,                 1.2173,                 1.3323,                 1.2466,                0.75033,                  0.678,                 0.7527,                0.55168,                 1.0835,                0.93684,                 1.1096,             1.5327e-05,             1.5327e-05,             1.5327e-05
                     47,                 1.2236,                 1.3323,                 1.2228,                0.75842,                0.66378,                0.75275,                0.54628,                 1.0905,                0.94239,                 1.1126,             1.2971e-05,             1.2971e-05,             1.2971e-05
                     48,                 1.2362,                  1.296,                  1.268,                0.75227,                0.68098,                0.75337,                0.54689,                 1.0881,                0.94169,                 1.1101,             1.0615e-05,             1.0615e-05,             1.0615e-05
                     49,                 1.2361,                 1.3231,                 1.2197,                0.77894,                0.65063,                0.74411,                 0.5436,                 1.0892,                0.94468,                 1.1107,             8.2586e-06,             8.2586e-06,             8.2586e-06
                     50,                 1.2062,                 1.2894,                 1.2475,                 0.7386,                0.68413,                0.75408,                 0.5485,                  1.086,                0.94304,                  1.109,             5.9024e-06,             5.9024e-06,             5.9024e-06
